Rezept_ID;Parent_Name;Detail_ID;Variant_Name;Ingredient_List;Ingredient_Unit;Total_Weight;Preparation_Notes;SensorikProfil;PhysikalischeForm;Mix_Typ;Region_Tag;Source;Status;Cost_Estimate;Yield_Info;Rezept_Version;Source_Type;Author_Note;Unnamed: 21;Illu_Path;Illu_Variant_Path
Rezept-0043;Garam Masala;Var-9;Nordindisch (klassisch);Kreuzkümmel 25 %, Koriander 20 %, Schwarzer Kardamom 10 %, Zimt 10 %, Nelke 8 %, Pfeffer 8 %, Muskat 5 %, Lorbeer 3 %, Fenchel 3 %, Sternanis 2 %, Chili 6 %;%;100 %;Trockenröstung, fein mahlen.;S4;P1;M1;Nordindien;Variants_v2;Bestätigt;—;—;v1.1;—;—;;EinLexikonDerAromen-DuefteDerWelt/assets/img/mischungen/gewuerzmischungen/garam-masala.png;EinLexikonDerAromen-DuefteDerWelt/assets/img/mischungen/gewuerzmischungen/garam-masala__nordindisch-klassisch.png
Rezept-0044;Garam Masala;Var-10;Pandjabi (kühl-warm);Kreuzkümmel 24 %, Koriander 22 %, Pfeffer 10 %, Zimt 10 %, Nelke 8 %, Grüner Kardamom 8 %, Schwarzer Kardamom 6 %, Muskat 4 %, Lorbeer 4 %, Fenchel 4 %;%;100 %;"Ohne Chili; dafür pfeffriger.";S4;P1;M1;Punjab;Variants_v2;Bestätigt;—;—;v1.1;—;—;;EinLexikonDerAromen-DuefteDerWelt/assets/img/mischungen/gewuerzmischungen/garam-masala.png;EinLexikonDerAromen-DuefteDerWelt/assets/img/mischungen/gewuerzmischungen/garam-masala__pandjabi-kuehl-warm.png
Rezept-0045;Garam Masala;Var-11;Bengal (duftend);Koriander 24 %, Kreuzkümmel 18 %, Fenchel 14 %, Kardamom 10 %, Zimt 10 %, Nelke 6 %, Pfeffer 6 %, Muskat 4 %, Lorbeer 4 %, Sternanis 4 %;%;100 %;Fenchelig, Duftbetonung.;S4;P1;M1;Bengalen;Variants_v2;Bestätigt;—;—;v1.1;—;—;;EinLexikonDerAromen-DuefteDerWelt/assets/img/mischungen/gewuerzmischungen/garam-masala.png;EinLexikonDerAromen-DuefteDerWelt/assets/img/mischungen/gewuerzmischungen/garam-masala__bengal-duftend.png
Rezept-0046;Garam Masala;Var-12;Kashmiri (rot);Kreuzkümmel 20 %, Koriander 18 %, Fenchel 14 %, Zimt 10 %, Kardamom 8 %, Nelke 6 %, Muskat 4 %, Pfeffer 6 %, Chili (Kashmiri) 14 %;%;100 %;Rotton durch Kashmiri Chili.;S4;P1;M1;Kashmir;Variants_v2;Bestätigt;—;—;v1.1;—;—;;EinLexikonDerAromen-DuefteDerWelt/assets/img/mischungen/gewuerzmischungen/garam-masala.png;EinLexikonDerAromen-DuefteDerWelt/assets/img/mischungen/gewuerzmischungen/garam-masala__kashmiri-rot.png
Rezept-0035;Ras el Hanout;Var-1;Marokkanisch (klassisch);Koriander 20 %, Kreuzkümmel 12 %, Zimt 10 %, Ingwer 8 %, Kurkuma 8 %, Schwarzer Pfeffer 7 %, Kardamom 6 %, Nelke 4 %, Muskat 3 %, Piment 3 %, Galgant 3 %, Rosenblüten 3 %, Chili 2 %, Lavendel 1 %;%;100 %;Trocken rösten, fein mahlen.;S4;P1;M1;Marokko;Variants_v2;Bestätigt;—;—;v1.1;—;—;;EinLexikonDerAromen-DuefteDerWelt/assets/img/mischungen/gewuerzmischungen/ras-el-hanout.png;EinLexikonDerAromen-DuefteDerWelt/assets/img/mischungen/gewuerzmischungen/ras-el-hanout__marokkanisch-klassisch.png
Rezept-0036;Ras el Hanout;Var-2;Fès (floral);Koriander 18 %, Kreuzkümmel 12 %, Zimt 10 %, Ingwer 8 %, Kardamom 7 %, Pfeffer 6 %, Muskat 4 %, Nelke 3 %, Piment 3 %, Galgant 3 %, Rosenblüten 10 %, Lavendel 6 %, Chili 6 %;%;100 %;Floraler Akzent (Rosen/Lavendel).;S4;P1;M1;Fès;Variants_v2;Bestätigt;—;—;v1.1;—;—;;EinLexikonDerAromen-DuefteDerWelt/assets/img/mischungen/gewuerzmischungen/ras-el-hanout.png;EinLexikonDerAromen-DuefteDerWelt/assets/img/mischungen/gewuerzmischungen/ras-el-hanout__fes-floral.png
Rezept-0037;Ras el Hanout;Var-3;Meknès (erdig);Koriander 22 %, Kreuzkümmel 14 %, Kurkuma 10 %, Zimt 8 %, Ingwer 8 %, Pfeffer 8 %, Piment 6 %, Fenchel 6 %, Nelke 4 %, Muskat 4 %, Galgant 4 %, Chili 6 %;%;100 %;Erdig-warm, chili-betont.;S4;P1;M1;Meknès;Variants_v2;Bestätigt;—;—;v1.1;—;—;;EinLexikonDerAromen-DuefteDerWelt/assets/img/mischungen/gewuerzmischungen/ras-el-hanout.png;EinLexikonDerAromen-DuefteDerWelt/assets/img/mischungen/gewuerzmischungen/ras-el-hanout__meknes-erdig.png
Rezept-0038;Ras el Hanout;Var-4;Souss (scharf);Koriander 20 %, Kreuzkümmel 12 %, Chili 14 %, Pfeffer 10 %, Ingwer 10 %, Kurkuma 8 %, Zimt 8 %, Nelke 5 %, Muskat 5 %, Kardamom 4 %, Piment 4 %;%;100 %;Scharfe Variante aus dem Süden.;S4;P1;M1;Souss;Variants_v2;Bestätigt;—;—;v1.1;—;—;;EinLexikonDerAromen-DuefteDerWelt/assets/img/mischungen/gewuerzmischungen/ras-el-hanout.png;EinLexikonDerAromen-DuefteDerWelt/assets/img/mischungen/gewuerzmischungen/ras-el-hanout__souss-scharf.png
Rezept-0039;Baharat;Var-5;Levant (klassisch);Piment 20 %, Pfeffer 18 %, Kreuzkümmel 16 %, Koriander 12 %, Zimt 10 %, Nelke 8 %, Kardamom 8 %, Muskat 8 %;%;100 %;Fein mahlen, ausgewogen.;S4;P1;M1;Levant;Variants_v2;Bestätigt;—;—;v1.1;—;—;;EinLexikonDerAromen-DuefteDerWelt/assets/img/mischungen/gewuerzmischungen/baharat.png;EinLexikonDerAromen-DuefteDerWelt/assets/img/mischungen/gewuerzmischungen/baharat__levant-klassisch.png
Rezept-0040;Baharat;Var-6;Gulf (mit getr. Limette);Piment 18 %, Pfeffer 16 %, Kreuzkümmel 16 %, Koriander 10 %, Zimt 8 %, Nelke 8 %, Kardamom 8 %, Muskat 8 %, Getrocknete Limette 8 %;%;100 %;Loomi (schwarze Limette) charakteristisch.;S4;P1;M1;Golf;Variants_v2;Bestätigt;—;—;v1.1;—;—;;EinLexikonDerAromen-DuefteDerWelt/assets/img/mischungen/gewuerzmischungen/baharat.png;EinLexikonDerAromen-DuefteDerWelt/assets/img/mischungen/gewuerzmischungen/baharat__gulf-mit-getr-limette.png
Rezept-0041;Baharat;Var-7;Türkisch (isot);Piment 18 %, Pfeffer 16 %, Kreuzkümmel 16 %, Koriander 10 %, Zimt 8 %, Nelke 6 %, Kardamom 6 %, Muskat 6 %, Isot/Urfa-Chili 14 %;%;100 %;Dunkle, leichte Rauchnote durch Isot.;S4;P1;M1;Türkei;Variants_v2;Bestätigt;—;—;v1.1;—;—;;EinLexikonDerAromen-DuefteDerWelt/assets/img/mischungen/gewuerzmischungen/baharat.png;EinLexikonDerAromen-DuefteDerWelt/assets/img/mischungen/gewuerzmischungen/baharat__tuerkisch-isot.png
Rezept-0042;Baharat;Var-8;Irakisch (rosig);Koriander 18 %, Pfeffer 16 %, Kreuzkümmel 14 %, Kardamom 10 %, Zimt 10 %, Nelke 8 %, Muskat 8 %, Rosenblätter 8 %, Piment 8 %;%;100 %;Rosenblätter geben florale Fülle.;S4;P1;M1;Irak;Variants_v2;Bestätigt;—;—;v1.1;—;—;;EinLexikonDerAromen-DuefteDerWelt/assets/img/mischungen/gewuerzmischungen/baharat.png;EinLexikonDerAromen-DuefteDerWelt/assets/img/mischungen/gewuerzmischungen/baharat__irakisch-rosig.png
Rezept-0001;Chai Masala;Org-1;Masala Chai (klassisch);Schwarzer Tee 40 %, Zimt 15 %, Ingwer 12 %, Kardamom 12 %, Pfeffer 8 %, Nelke 6 %, Muskat 4 %, Fenchel 3 %;%;100 %;"Mit Milch & Zucker; kräftig.";S2;P1;M1;Indien;Variants_v1;Bestätigt;—;—;v1.1;—;—;;EinLexikonDerAromen-DuefteDerWelt/assets/img/mischungen/gewuerzmischungen/chai-masala.png;EinLexikonDerAromen-DuefteDerWelt/assets/img/mischungen/gewuerzmischungen/chai-masala__masala-chai-klassisch.png
Rezept-0002;Chai Masala;Var-2;Kashmiri Chai (noir);Grüner Tee 35 %, Kardamom 20 %, Zimt 15 %, Sternanis 6 %, Nelke 6 %, Muskat 4 %, Ingwer 10 %, Pfeffer 4 %;%;100 %;Milchtee, leicht salzig optional.;S2;P1;M1;Kashmir;Variants_v1;Bestätigt;—;—;v1.1;—;—;;EinLexikonDerAromen-DuefteDerWelt/assets/img/mischungen/gewuerzmischungen/chai-masala.png;EinLexikonDerAromen-DuefteDerWelt/assets/img/mischungen/gewuerzmischungen/chai-masala__kashmiri-chai-noir.png
Rezept-0003;Chai Masala;Var-3;Chai Masala (Dessert-Profil);Zimt 28 %, Kardamom 18 %, Ingwer 16 %, Vanille 10 %, Pfeffer 8 %, Nelke 8 %, Muskat 6 %, Orangenschale 6 %;%;100 %;Süßer, desserttauglich.;S2;P1;M1;Indien (Adapt.);Variants_v1;Bestätigt;—;—;v1.1;—;—;;EinLexikonDerAromen-DuefteDerWelt/assets/img/mischungen/gewuerzmischungen/chai-masala.png;EinLexikonDerAromen-DuefteDerWelt/assets/img/mischungen/gewuerzmischungen/chai-masala__chai-masala-dessert-profil.png
Rezept-0004;Chai Masala;Var-4;Yogi-Chai (gewürzstark);Zimt 30 %, Ingwer 24 %, Kardamom 16 %, Nelke 10 %, Pfeffer 10 %, Sternanis 6 %, Fenchel 4 %;%;100 %;Ohne Tee – Kräutergewürz.;S2;P1;M1;Global;Variants_v1;Bestätigt;—;—;v1.1;—;—;;EinLexikonDerAromen-DuefteDerWelt/assets/img/mischungen/gewuerzmischungen/chai-masala.png;EinLexikonDerAromen-DuefteDerWelt/assets/img/mischungen/gewuerzmischungen/chai-masala__yogi-chai-gewuerzstark.png
Rezept-0053;Cajun Rub;Var-19;Texas Chili Rub;Paprika 30 %, Brauner Zucker 25 %, Salz 20 %, Pfeffer 10 %, Knoblauch 5 %, Zwiebel 5 %, Chili 3 %, Senfpulver 2 %;%;100 %;Beef Brisket, grob gemahlen.;S4;P1;M1;Texas;Variants_v2;Bestätigt;—;—;v1.1;—;—;;EinLexikonDerAromen-DuefteDerWelt/assets/img/mischungen/gewuerzmischungen/cajun-rub.png;EinLexikonDerAromen-DuefteDerWelt/assets/img/mischungen/gewuerzmischungen/cajun-rub__texas-chili-rub.png
Rezept-0054;Cajun Rub;Var-20;Memphis Dry Rub;Paprika 28 %, Brauner Zucker 24 %, Salz 18 %, Pfeffer 10 %, Knoblauch 6 %, Zwiebel 6 %, Senf 4 %, Chili 4 %;%;100 %;Für Ribs, dry style.;S4;P1;M1;Memphis;Variants_v2;Bestätigt;—;—;v1.1;—;—;;EinLexikonDerAromen-DuefteDerWelt/assets/img/mischungen/gewuerzmischungen/cajun-rub.png;EinLexikonDerAromen-DuefteDerWelt/assets/img/mischungen/gewuerzmischungen/cajun-rub__memphis-dry-rub.png
Rezept-0055;Cajun Rub;Var-21;Afrikanischer Suya;Erdnuss 30 %, Paprika 20 %, Chili 15 %, Ingwer 10 %, Knoblauch 8 %, Zwiebel 7 %, Pfeffer 5 %, Brühepulver 3 %, Salz 2 %;%;100 %;Westafrikanischer Spieß-Rub.;S4;P1;M1;Westafrika;Variants_v2;Bestätigt;—;—;v1.1;—;—;;EinLexikonDerAromen-DuefteDerWelt/assets/img/mischungen/gewuerzmischungen/cajun-rub.png;EinLexikonDerAromen-DuefteDerWelt/assets/img/mischungen/gewuerzmischungen/cajun-rub__afrikanischer-suya.png
Rezept-0005;Lebkuchengewürz;Var-1;Nürnberger Elisen;Zimt 42 %, Nelke 12 %, Piment 10 %, Muskat 8 %, Ingwer 10 %, Kardamom 8 %, Koriander 6 %, Anis 4 %;%;100 %;"Trocken rösten, fein mahlen; zimtbetont.";S2;P1;M1;Nürnberg;Variants_v1;Bestätigt;—;—;v1.1;—;—;;EinLexikonDerAromen-DuefteDerWelt/assets/img/mischungen/gewuerzmischungen/lebkuchengewuerz.png;EinLexikonDerAromen-DuefteDerWelt/assets/img/mischungen/gewuerzmischungen/lebkuchengewuerz__nuernberger-elisen.png
Rezept-0006;Lebkuchengewürz;Var-2;Aachener Printen;Zimt 35 %, Anis 12 %, Nelke 10 %, Piment 10 %, Koriander 10 %, Ingwer 8 %, Kardamom 6 %, Muskat 5 %, Macis 4 %;%;100 %;Für Honigteige (Pottasche/Hirschhornsalz).;S2;P1;M1;Aachen;Variants_v1;Bestätigt;—;—;v1.1;—;—;;EinLexikonDerAromen-DuefteDerWelt/assets/img/mischungen/gewuerzmischungen/lebkuchengewuerz.png;EinLexikonDerAromen-DuefteDerWelt/assets/img/mischungen/gewuerzmischungen/lebkuchengewuerz__aachener-printen.png
Rezept-0007;Lebkuchengewürz;Var-3;Basler Läckerli;Zimt 38 %, Nelke 10 %, Koriander 14 %, Muskat 8 %, Piment 8 %, Ingwer 10 %, Kardamom 6 %, Sternanis 6 %;%;100 %;"Koriander typisch; mit kandierter Orange/Zitrone.";S2;P1;M1;Basel;Variants_v1;Bestätigt;—;—;v1.1;—;—;;EinLexikonDerAromen-DuefteDerWelt/assets/img/mischungen/gewuerzmischungen/lebkuchengewuerz.png;EinLexikonDerAromen-DuefteDerWelt/assets/img/mischungen/gewuerzmischungen/lebkuchengewuerz__basler-laeckerli.png
Rezept-0008;Lebkuchengewürz;Var-4;Pain d’épices;Zimt 32 %, Anis 18 %, Ingwer 16 %, Nelke 10 %, Muskat 8 %, Piment 8 %, Kardamom 5 %, Koriander 3 %;%;100 %;Anis-hoch, ideal für Honigbrote.;S2;P1;M1;Frankreich;Variants_v1;Bestätigt;—;—;v1.1;—;—;;EinLexikonDerAromen-DuefteDerWelt/assets/img/mischungen/gewuerzmischungen/lebkuchengewuerz.png;EinLexikonDerAromen-DuefteDerWelt/assets/img/mischungen/gewuerzmischungen/lebkuchengewuerz__pain-depices.png
Rezept-0009;Lebkuchengewürz;Var-5;Pfefferkuchen (Sachsen);Zimt 30 %, Nelke 12 %, Piment 10 %, Ingwer 14 %, Schwarzer Pfeffer 8 %, Muskat 8 %, Kardamom 8 %, Koriander 6 %, Anis 4 %;%;100 %;Spürbarer Pfefferkick.;S2;P1;M1;Sachsen/Schlesien;Variants_v1;Bestätigt;—;—;v1.1;—;—;;EinLexikonDerAromen-DuefteDerWelt/assets/img/mischungen/gewuerzmischungen/lebkuchengewuerz.png;EinLexikonDerAromen-DuefteDerWelt/assets/img/mischungen/gewuerzmischungen/lebkuchengewuerz__pfefferkuchen-sachsen.png
Rezept-0010;Lebkuchengewürz;Var-6;Pfeffernüsse (Norddeutsch);Zimt 28 %, Ingwer 18 %, Schwarzer Pfeffer 12 %, Kardamom 10 %, Nelke 8 %, Muskat 8 %, Piment 8 %, Anis 6 %, Zitronenschale 2 %;%;100 %;"Frisch-pfeffrig; Zitrus hebt Süße.";S2;P1;M1;Norddeutschland;Variants_v1;Bestätigt;—;—;v1.1;—;—;;EinLexikonDerAromen-DuefteDerWelt/assets/img/mischungen/gewuerzmischungen/lebkuchengewuerz.png;EinLexikonDerAromen-DuefteDerWelt/assets/img/mischungen/gewuerzmischungen/lebkuchengewuerz__pfeffernuesse-norddeutsch.png
Rezept-0011;Lebkuchengewürz;Var-7;Lebkuchen mild (Kinder);Zimt 45 %, Vanille 6 %, Kardamom 10 %, Ingwer 10 %, Koriander 8 %, Piment 8 %, Nelke 6 %, Muskat 5 %, Orangenschale 2 %;%;100 %;Weich, ohne Schärfespitzen.;S2;P1;M1;DE;Variants_v1;Bestätigt;—;—;v1.1;—;—;;EinLexikonDerAromen-DuefteDerWelt/assets/img/mischungen/gewuerzmischungen/lebkuchengewuerz.png;EinLexikonDerAromen-DuefteDerWelt/assets/img/mischungen/gewuerzmischungen/lebkuchengewuerz__lebkuchen-mild-kinder.png
Rezept-0012;Lebkuchengewürz;Var-8;Lebkuchen gewürzstark;Zimt 36 %, Nelke 14 %, Piment 12 %, Muskat 10 %, Ingwer 12 %, Kardamom 8 %, Sternanis 5 %, Koriander 3 %;%;100 %;Hohe Nelke/Piment, langes Finish.;S2;P1;M1;DE;Variants_v1;Bestätigt;—;—;v1.1;—;—;;EinLexikonDerAromen-DuefteDerWelt/assets/img/mischungen/gewuerzmischungen/lebkuchengewuerz.png;EinLexikonDerAromen-DuefteDerWelt/assets/img/mischungen/gewuerzmischungen/lebkuchengewuerz__lebkuchen-gewuerzstark.png
Rezept-0013;Madras Curry;Var-1;Madras (gelb, mild–mittel);Koriander 25 %, Kurkuma 22 %, Kreuzkümmel 15 %, Bockshornklee 8 %, Fenchel 6 %, Senfsaat 6 %, Chili 8 %, Ingwer 5 %, Pfeffer 3 %, Knoblauch 2 %;%;100 %;"Klassisch gelb; UK-Style kompatibel.";S4;P1;M1;Südindien/UK;Variants_v1;Bestätigt;—;—;v1.1;—;—;;EinLexikonDerAromen-DuefteDerWelt/assets/img/mischungen/gewuerzmischungen/madras-curry.png;EinLexikonDerAromen-DuefteDerWelt/assets/img/mischungen/gewuerzmischungen/madras-curry__madras-gelb-mildmittel.png
Rezept-0051;Jerk Seasoning;Var-17;Jamaican Jerk (classic);Piment 22 %, Frühlingszwiebel getr. 10 %, Thymian 10 %, Zimt 8 %, Muskat 6 %, Ingwer 8 %, Pfeffer 8 %, Knoblauch 6 %, Chili (Scotch Bonnet, getr.) 15 %, Zucker 5 %, Salz 2 %;%;100 %;"Trockenrub; frisch oft als Paste.";S4;P1;M1;Jamaika;Variants_v2;Bestätigt;—;—;v1.1;—;—;;EinLexikonDerAromen-DuefteDerWelt/assets/img/mischungen/gewuerzmischungen/jerk-seasoning.png;EinLexikonDerAromen-DuefteDerWelt/assets/img/mischungen/gewuerzmischungen/jerk-seasoning__jamaican-jerk-classic.png
Rezept-0052;Jerk Seasoning;Var-18;Jerk Paste (wet);Piment 18 %, Frühlingszwiebel 12 %, Thymian 10 %, Zimt 6 %, Muskat 6 %, Ingwer 8 %, Pfeffer 8 %, Knoblauch 8 %, Scotch Bonnet 14 %, Limettensaft 5 %, Öl 5 %;%;100 %;"Feuchtmarinade; P2.";S4;P2;M1;Jamaika;Variants_v2;Bestätigt;—;—;v1.1;—;—;;EinLexikonDerAromen-DuefteDerWelt/assets/img/mischungen/gewuerzmischungen/jerk-seasoning.png;EinLexikonDerAromen-DuefteDerWelt/assets/img/mischungen/gewuerzmischungen/jerk-seasoning__jerk-paste-wet.png
Rezept-0062;Harissa (trocken);Var-2;Harissa (Tunesien, klassisch);Getrocknete Chilis 40 %, Knoblauch 10 %, Kreuzkümmel 8 %, Koriander 8 %, Paprika 8 %, Salz 6 %, Olivenöl 20 %;%;100 %;Chilis einweichen, mit Gewürzen und Öl fein pürieren. Ölfilm obenauf als Oxidationsschutz.;S4;P2;M5;Tunesien;W3_HotSauces;Bestätigt;—;—;v1.1;—;—;;EinLexikonDerAromen-DuefteDerWelt/assets/img/mischungen/gewuerzmischungen/harissa-trocken.png;EinLexikonDerAromen-DuefteDerWelt/assets/img/mischungen/gewuerzmischungen/harissa-trocken__harissa-tunesien-klassisch.png
Rezept-0014;Rendang-Bumbu;Var-1;Rendang Spice/Paste;Koriander 16 %, Kreuzkümmel 10 %, Galgant 12 %, Kurkuma 10 %, Chili 16 %, Zitronengras 10 %, Knoblauch 6 %, Schalotte 6 %, Kaffirlimettenblatt 4 %, Kardamom 4 %, Zimt 4 %, Sternanis 2 %;%;100 %;Trockenmix oder Paste.;S4;P2;M1;Indonesien/Sumatra;Variants_v1;Bestätigt;—;—;v1.1;—;—;;EinLexikonDerAromen-DuefteDerWelt/assets/img/mischungen/gewuerzmischungen/rendang-bumbu.png;EinLexikonDerAromen-DuefteDerWelt/assets/img/mischungen/gewuerzmischungen/rendang-bumbu__rendang-spice-paste.png
Rezept-0015;Za’atar (Levante);Org-1;Levant klassisch;Syrischer Ysop 40 %, Sumach 25 %, Sesam 30 %, Salz 5 %;%;100 %;Mit Olivenöl zu Paste möglich.;S5;P1;M1;Levant;Variants_v1;Bestätigt;—;—;v1.1;—;—;;EinLexikonDerAromen-DuefteDerWelt/assets/img/mischungen/gewuerzmischungen/zaatar-levante.png;EinLexikonDerAromen-DuefteDerWelt/assets/img/mischungen/gewuerzmischungen/zaatar-levante__levant-klassisch.png
Rezept-0016;Za’atar (Levante);Var-2;Jordanisch;Ysop/Thymian 45 %, Sumach 20 %, Sesam 30 %, Salz 5 %;%;100 %;Thymianbetont.;S5;P1;M1;Jordanien;Variants_v1;Bestätigt;—;—;v1.1;—;—;;EinLexikonDerAromen-DuefteDerWelt/assets/img/mischungen/gewuerzmischungen/zaatar-levante.png;EinLexikonDerAromen-DuefteDerWelt/assets/img/mischungen/gewuerzmischungen/zaatar-levante__jordanisch.png
Rezept-0017;Za’atar (Levante);Var-3;Syrisch/Libanesisch (fein);Origanum syriacum 42 %, Sumach 28 %, Sesam 25 %, Salz 5 %;%;100 %;Fein gemahlen.;S5;P1;M1;Libanon/Syrien;Variants_v1;Bestätigt;—;—;v1.1;—;—;;EinLexikonDerAromen-DuefteDerWelt/assets/img/mischungen/gewuerzmischungen/zaatar-levante.png;EinLexikonDerAromen-DuefteDerWelt/assets/img/mischungen/gewuerzmischungen/zaatar-levante__syrisch-libanesisch-fein.png
Rezept-0018;Za’atar (Levante);Var-4;Zaatar Akhdar (frisch, Öl);Frischer Ysop 60 %, Sesam 15 %, Sumach 15 %, Salz 5 %, Olivenöl 5 %;%;100 %;Frischpaste.;S5;P2;M1;Levant;Variants_v1;Bestätigt;—;—;v1.1;—;—;;EinLexikonDerAromen-DuefteDerWelt/assets/img/mischungen/gewuerzmischungen/zaatar-levante.png;EinLexikonDerAromen-DuefteDerWelt/assets/img/mischungen/gewuerzmischungen/zaatar-levante__zaatar-akhdar-frisch-oel.png
Rezept-0019;Angostura Bitters;Org-1;Aromatic Bitters (classic);Enzian 10 g, Chinarinde 8 g, Kardamom 6 g, Nelke 4 g, Zimt 6 g, Piment 6 g, Orangenschale 8 g, Kassia 6 g, Sternanis 4 g, Kalmus 2 g, Alkohol 1 L;;1 L Ansatz;Mehrkomponenten, hohe Bittere.;S3;P3;M7;Global;Variants_v1;Bestätigt;—;—;v1.1;—;—;;EinLexikonDerAromen-DuefteDerWelt/assets/img/mischungen/oelmischungen/angostura-bitters.png;EinLexikonDerAromen-DuefteDerWelt/assets/img/mischungen/oelmischungen/angostura-bitters__aromatic-bitters-classic.png
Rezept-0056;Rauchsalz USA;Var-22;Hickory Rauchsalz;Meersalz 95 %, Rauchkondensat 5 %;%;100 %;Kaltgeräuchert, mehrfach.;S5;P1;M9;USA;Variants_v2;Bestätigt;—;—;v1.1;—;—;;EinLexikonDerAromen-DuefteDerWelt/assets/img/mischungen/gewuerzmischungen/rauchsalz-usa.png;EinLexikonDerAromen-DuefteDerWelt/assets/img/mischungen/gewuerzmischungen/rauchsalz-usa__hickory-rauchsalz.png
Rezept-0057;Rauchsalz USA;Var-23;Nordic Birch Rauchsalz;Meersalz 96 %, Birkenrauch 4 %;%;100 %;Nordisches Profil.;S5;P1;M9;Nordics;Variants_v2;Bestätigt;—;—;v1.1;—;—;;EinLexikonDerAromen-DuefteDerWelt/assets/img/mischungen/gewuerzmischungen/rauchsalz-usa.png;EinLexikonDerAromen-DuefteDerWelt/assets/img/mischungen/gewuerzmischungen/rauchsalz-usa__nordic-birch-rauchsalz.png
Rezept-0058;Rauchsalz USA;Var-24;Zedernholz-Räuchersalz;Meersalz 95 %, Zedernrauch 5 %;%;100 %;Holzig-warm.;S5;P1;M9;Nordamerika;Variants_v2;Bestätigt;—;—;v1.1;—;—;;EinLexikonDerAromen-DuefteDerWelt/assets/img/mischungen/gewuerzmischungen/rauchsalz-usa.png;EinLexikonDerAromen-DuefteDerWelt/assets/img/mischungen/gewuerzmischungen/rauchsalz-usa__zedernholz-raeuchersalz.png
Rezept-0059;Rauchsalz USA;Var-25;Zitrus-Rauchsalz (Hybrid);Meersalz 92 %, Rauchkondensat 4 %, Zitronenschale 3 %, Orange 1 %;%;100 %;Frisch-rauchige Topnote.;S5;P1;M9;Mediterran;Variants_v2;Bestätigt;—;—;v1.1;—;—;;EinLexikonDerAromen-DuefteDerWelt/assets/img/mischungen/gewuerzmischungen/rauchsalz-usa.png;EinLexikonDerAromen-DuefteDerWelt/assets/img/mischungen/gewuerzmischungen/rauchsalz-usa__zitrus-rauchsalz-hybrid.png
Rezept-0060;Rauchsalz USA;Var-26;Szechuan-Rauchsalz (Hybrid);Meersalz 92 %, Rauchkondensat 4 %, Szechuanpfeffer 4 %;%;100 %;Tingling & Rauch.;S5;P1;M9;China/Global;Variants_v2;Bestätigt;—;—;v1.1;—;—;;EinLexikonDerAromen-DuefteDerWelt/assets/img/mischungen/gewuerzmischungen/rauchsalz-usa.png;EinLexikonDerAromen-DuefteDerWelt/assets/img/mischungen/gewuerzmischungen/rauchsalz-usa__szechuan-rauchsalz-hybrid.png
Rezept-0063;Sambal Oelek;Var-3;Sambal Oelek (Basis);Frische rote Chilis 70 %, Salz 10 %, Essig 10 %, Knoblauch 5 %, Zucker 5 %;%;100 %;Chilis mörsern oder mixen, kurz erhitzen, heiß abfüllen. Kühl lagern.;S4;P2;M5;Indonesien;W3_HotSauces;Bestätigt;—;—;v1.1;—;—;;EinLexikonDerAromen-DuefteDerWelt/assets/img/mischungen/gewuerzmischungen/sambal-oelek.png;EinLexikonDerAromen-DuefteDerWelt/assets/img/mischungen/gewuerzmischungen/sambal-oelek__sambal-oelek-basis.png
Rezept-0061;Gochujang;Var-1;Gochujang (klassisch);Reismehl 30 %, Wasser 30 %, Meju (fermentierte Sojabohnen) 15 %, Gochugaru 15 %, Malzsirup 8 %, Salz 2 %;%;100 %;Reismehl mit Wasser aufkochen, abkühlen. Meju & Sirup einrühren, Gochugaru zuletzt. 30–40 Tage bei ~25 °C fermentieren, gelegentlich umrühren.;S4;P2;M5;Korea;W3_HotSauces;Bestätigt;—;—;v1.1;—;—;;EinLexikonDerAromen-DuefteDerWelt/assets/img/mischungen/gewuerzmischungen/gochujang.png;EinLexikonDerAromen-DuefteDerWelt/assets/img/mischungen/gewuerzmischungen/gochujang__gochujang-klassisch.png
Rezept-0020;Amaro Montenegro;Org-1;Amaro Base (northern);Enzianwurzel 20 g, Chinarinde 15 g, Wermutkraut 10 g, Angelikawurzel 8 g, Kalmus 6 g, Orangenschale 10 g, Zitronenschale 6 g, Koriandersamen 6 g, Zimtrinde 6 g, Nelke 3 g, Kardamom 3 g, Alkohol 1 L;;1 L Ansatz;"Kaltmazerat 10–14 Tage; süßen nach Stil.";S3;P3;M7;Italien/Alpen;Variants_v1;Bestätigt;—;—;v1.1;—;—;;EinLexikonDerAromen-DuefteDerWelt/assets/img/mischungen/oelmischungen/amaro-montenegro.png;EinLexikonDerAromen-DuefteDerWelt/assets/img/mischungen/oelmischungen/amaro-montenegro__amaro-base-northern.png
Rezept-0021;Amaro Montenegro;Var-2;Amaro Rosso (arancia);Enzian 18 g, Chinarinde 12 g, Rhabarberwurzel 8 g, Orangenschale 12 g, Enzianrinde 6 g, Vanille 2 g, Zimt 5 g, Nelke 2 g, Alkohol 1 L, Zuckersirup 300 g;g;1.3 kg;Bitter-süß, Zitrusakzent.;S3;P3;M7;Italien;Variants_v1;Bestätigt;—;—;v1.1;—;—;;EinLexikonDerAromen-DuefteDerWelt/assets/img/mischungen/oelmischungen/amaro-montenegro.png;EinLexikonDerAromen-DuefteDerWelt/assets/img/mischungen/oelmischungen/amaro-montenegro__amaro-rosso-arancia.png
Rezept-0022;Rogan Josh Curry;Var-1;Rogan Josh (Kashmir);Paprika edelsüß 28 %, Kashmiri Chili 10 %, Fenchel 12 %, Kreuzkümmel 10 %, Ingwer 10 %, Kardamom 6 %, Zimt 6 %, Knoblauch 6 %, Nelke 3 %, Muskat 2 %, Pfeffer 7 %;%;100 %;Warm-rot, fenchelbetont.;S4;P1;M1;Kashmir;Variants_v1;Bestätigt;—;—;v1.1;—;—;;EinLexikonDerAromen-DuefteDerWelt/assets/img/mischungen/gewuerzmischungen/rogan-josh-curry.png;EinLexikonDerAromen-DuefteDerWelt/assets/img/mischungen/gewuerzmischungen/rogan-josh-curry__rogan-josh-kashmir.png
Rezept-0023;Vindaloo Curry (Goa-Stil);Var-1;Vindaloo (Goa-Stil);Chili 20 %, Kreuzkümmel 15 %, Senfsaat 12 %, Knoblauch 12 %, Ingwer 10 %, Pfeffer 8 %, Kurkuma 8 %, Koriander 10 %, Bockshornklee 3 %, Zimt 2 %;%;100 %;"Für Essig-Marinade; scharf & pikant.";S4;P1;M1;Goa;Variants_v1;Bestätigt;—;—;v1.1;—;—;;EinLexikonDerAromen-DuefteDerWelt/assets/img/mischungen/gewuerzmischungen/vindaloo-curry-goa-stil.png;EinLexikonDerAromen-DuefteDerWelt/assets/img/mischungen/gewuerzmischungen/vindaloo-curry-goa-stil__vindaloo-goa-stil.png
Rezept-0024;Keralan Curry (mit Curryblättern);Var-1;Kerala (mit Curryblättern);Koriander 24 %, Kurkuma 18 %, Chili 12 %, Schwarze Senfsaat 10 %, Kreuzkümmel 10 %, Fenchel 6 %, Curryblätter 10 %, Pfeffer 5 %, Bockshornklee 5 %;%;100 %;Aromatisch, Curryblätter prägnant.;S4;P1;M1;Kerala;Variants_v1;Bestätigt;—;—;v1.1;—;—;;EinLexikonDerAromen-DuefteDerWelt/assets/img/mischungen/gewuerzmischungen/keralan-curry-mit-curryblaettern.png;EinLexikonDerAromen-DuefteDerWelt/assets/img/mischungen/gewuerzmischungen/keralan-curry-mit-curryblaettern__kerala-mit-curryblaettern.png
Rezept-0025;Sri Lankan Curry Powder (dark roast);Var-1;Sri Lankan (dark roast);Koriander 26 %, Kreuzkümmel 16 %, Fenchel 14 %, Zimt 10 %, Nelke 6 %, Kardamom 6 %, Chili 14 %, Pfeffer 6 %, Curryblätter 2 %;%;100 %;Dunkel geröstet.;S4;P1;M1;Sri Lanka;Variants_v1;Bestätigt;—;—;v1.1;—;—;;EinLexikonDerAromen-DuefteDerWelt/assets/img/mischungen/gewuerzmischungen/sri-lankan-curry-powder-dark-roast.png;EinLexikonDerAromen-DuefteDerWelt/assets/img/mischungen/gewuerzmischungen/sri-lankan-curry-powder-dark-roast__sri-lankan-dark-roast.png
Rezept-0026;Japanese Kare (Curry-Roux);Var-1;Japanisches Kare (Roux-Block);Currybasis-Pulver 45 %, Mehl 35 %, Fett 15 %, Zucker 3 %, Salz 2 %;%;100 %;"Wird als Roux-Block gekocht; Paste/Block.";S4;P2;M1;Japan;Variants_v1;Bestätigt;—;—;v1.1;—;—;;EinLexikonDerAromen-DuefteDerWelt/assets/img/mischungen/gewuerzmischungen/japanese-kare-curry-roux.png;EinLexikonDerAromen-DuefteDerWelt/assets/img/mischungen/gewuerzmischungen/japanese-kare-curry-roux__japanisches-kare-roux-block.png
Rezept-0027;Thai Massaman Currypaste;Var-1;Massaman (thai);Kardamom 10 %, Zimt 10 %, Kreuzkümmel 12 %, Koriander 20 %, Nelke 4 %, Muskat 4 %, Erdnuss geröstet 10 %, Chili 12 %, Galgant 8 %, Zitronengras 6 %, Knoblauch 2 %, Schalotte 2 %;%;100 %;"Indo-muslimische Note; nussig.";S4;P2;M1;Thailand/Süd;Variants_v1;Bestätigt;—;—;v1.1;—;—;;EinLexikonDerAromen-DuefteDerWelt/assets/img/mischungen/gewuerzmischungen/thai-massaman-currypaste.png;EinLexikonDerAromen-DuefteDerWelt/assets/img/mischungen/gewuerzmischungen/thai-massaman-currypaste__massaman-thai.png
Rezept-0047;Duqqa (Haselnuss-Sesam);Var-13;Ägyptisch (klassisch);Haselnuss 30 %, Sesam 30 %, Koriander 18 %, Kreuzkümmel 12 %, Salz 5 %, Pfeffer 5 %;%;100 %;Nüsse rösten, grob mörsern.;S5;P1;M1;Ägypten;Variants_v2;Bestätigt;—;—;v1.1;—;—;;EinLexikonDerAromen-DuefteDerWelt/assets/img/mischungen/gewuerzmischungen/duqqa-haselnuss-sesam.png;EinLexikonDerAromen-DuefteDerWelt/assets/img/mischungen/gewuerzmischungen/duqqa-haselnuss-sesam__aegyptisch-klassisch.png
Rezept-0048;Duqqa (Haselnuss-Sesam);Var-14;Levant (nussig-kräutrig);Haselnuss 28 %, Sesam 28 %, Koriander 16 %, Kreuzkümmel 10 %, Thymian 8 %, Sumach 6 %, Salz 2 %, Pfeffer 2 %;%;100 %;Mit Thymian & Sumach.;S5;P1;M1;Levant;Variants_v2;Bestätigt;—;—;v1.1;—;—;;EinLexikonDerAromen-DuefteDerWelt/assets/img/mischungen/gewuerzmischungen/duqqa-haselnuss-sesam.png;EinLexikonDerAromen-DuefteDerWelt/assets/img/mischungen/gewuerzmischungen/duqqa-haselnuss-sesam__levant-nussig-kraeutrig.png
Rezept-0049;Duqqa (Haselnuss-Sesam);Var-15;Pistazie-Zaatar;Pistazie 28 %, Sesam 28 %, Zaatar/Thymian 16 %, Koriander 12 %, Kreuzkümmel 8 %, Sumach 6 %, Salz 2 %;%;100 %;Zaatar-Akzent, fruchtig.;S5;P1;M1;Levant;Variants_v2;Bestätigt;—;—;v1.1;—;—;;EinLexikonDerAromen-DuefteDerWelt/assets/img/mischungen/gewuerzmischungen/duqqa-haselnuss-sesam.png;EinLexikonDerAromen-DuefteDerWelt/assets/img/mischungen/gewuerzmischungen/duqqa-haselnuss-sesam__pistazie-zaatar.png
Rezept-0050;Duqqa (Haselnuss-Sesam);Var-16;Äthiopisch angelehnt (berbere);Haselnuss 26 %, Sesam 26 %, Koriander 16 %, Kreuzkümmel 10 %, Berbere 12 %, Salz 5 %, Pfeffer 5 %;%;100 %;Warmer Berbere-Twist.;S5;P1;M1;Horn von Afrika;Variants_v2;Bestätigt;—;—;v1.1;—;—;;EinLexikonDerAromen-DuefteDerWelt/assets/img/mischungen/gewuerzmischungen/duqqa-haselnuss-sesam.png;EinLexikonDerAromen-DuefteDerWelt/assets/img/mischungen/gewuerzmischungen/duqqa-haselnuss-sesam__aethiopisch-angelehnt-berbere.png
Rezept-0028;Vermouth-Botanicals;Var-1;Vermouth Botanicals (dry);Wermutkraut 20 g, Enzian 6 g, Angelika 6 g, Ysop 4 g, Schafgarbe 4 g, Koriander 6 g, Kardamom 4 g, Zitrusschalen 10 g, Zimt 4 g, Nelke 2 g, Weinbasis 1 L;;1 L;"Kaltmazerat; abpressen, filtrieren.";S3;P3;M7;Italien/Frankreich;Variants_v1;Bestätigt;—;—;v1.1;—;—;;EinLexikonDerAromen-DuefteDerWelt/assets/img/mischungen/oelmischungen/vermouth-botanicals.png;EinLexikonDerAromen-DuefteDerWelt/assets/img/mischungen/oelmischungen/vermouth-botanicals__vermouth-botanicals-dry.png
Rezept-0064;Shito (Ghana Chili Sauce);Var-4;Shito (Ghana, dunkel);Chilipulver 30 %, Zwiebel 20 %, Knoblauch 15 %, Getrocknete Garnelen 15 %, Öl 15 %, Tomatenmark 5 %;%;100 %;Zutaten pürieren, in Öl ausbraten bis aromatisch. Heiß abfüllen.;S4;P2;M5;Ghana;W3_HotSauces;Bestätigt;—;—;v1.1;—;—;;EinLexikonDerAromen-DuefteDerWelt/assets/img/mischungen/gewuerzmischungen/shito-ghana-chili-sauce.png;EinLexikonDerAromen-DuefteDerWelt/assets/img/mischungen/gewuerzmischungen/shito-ghana-chili-sauce__shito-ghana-dunkel.png
Rezept-0029;Kyphi (Ägyptisch, Rekonstruktion);Org-1;Kyphi (rekonstruiert, klassisch);Olibanum 20 g, Myrrhe 15 g, Mastix 10 g, Rosinen 10 g, Honig 10 g, Wein 10 ml, Zimt 5 g, Kardamom 2 g, Kalmus 2 g, Styrax 1 g, Labdanum 1 g;g;ca. 86 g;Trockenteile mahlen, mit Honig & Wein verkneten, trocknen.;S3;P4;M6;Ägypten;Variants_v1;Bestätigt;—;—;v1.1;—;—;;EinLexikonDerAromen-DuefteDerWelt/assets/img/mischungen/raeuchermischungen/kyphi-aegyptisch-rekonstruktion.png;EinLexikonDerAromen-DuefteDerWelt/assets/img/mischungen/raeuchermischungen/kyphi-aegyptisch-rekonstruktion__kyphi-rekonstruiert-klassisch.png
Rezept-0030;Kyphi (Ägyptisch, Rekonstruktion);Var-2;Kyphi (harzbetont);Olibanum 25 g, Myrrhe 20 g, Mastix 12 g, Labdanum 6 g, Benzoe 4 g, Rosinen 8 g, Honig 8 g, Wein 8 ml, Zimt 4 g, Kardamom 2 g, Kalmus 2 g;g;ca. 99 g;"Harzanteil höher; süßharzig.";S3;P4;M6;Ägypten;Variants_v1;Bestätigt;—;—;v1.1;—;—;;EinLexikonDerAromen-DuefteDerWelt/assets/img/mischungen/raeuchermischungen/kyphi-aegyptisch-rekonstruktion.png;EinLexikonDerAromen-DuefteDerWelt/assets/img/mischungen/raeuchermischungen/kyphi-aegyptisch-rekonstruktion__kyphi-harzbetont.png
Rezept-0031;Kyphi (Ägyptisch, Rekonstruktion);Var-3;Kyphi (würzbetont);Olibanum 18 g, Myrrhe 12 g, Mastix 8 g, Rosenblätter 2 g, Zimt 6 g, Kardamom 4 g, Kalmus 3 g, Styrax 3 g, Labdanum 2 g, Honig 10 g, Wein 10 ml, Rosinen 12 g;g;ca. 90 g;Würzspitze, floraler Unterton.;S3;P4;M6;Ägypten;Variants_v1;Bestätigt;—;—;v1.1;—;—;;EinLexikonDerAromen-DuefteDerWelt/assets/img/mischungen/raeuchermischungen/kyphi-aegyptisch-rekonstruktion.png;EinLexikonDerAromen-DuefteDerWelt/assets/img/mischungen/raeuchermischungen/kyphi-aegyptisch-rekonstruktion__kyphi-wuerzbetont.png
Rezept-0032;Kyphi (Ägyptisch, Rekonstruktion);Var-4;Pontisches Thymiama (rek.);Olibanum 20 g, Myrrhe 10 g, Mastix 10 g, Wein 10 ml, Honig 10 g, Lorbeer 5 g, Zimt 5 g, Pinienharz 5 g, Wacholder 5 g;g;ca. 80 g;Antike Rezeptur rekonstruiert.;S3;P4;M6;Levant/GR;Variants_v1;Bestätigt;—;—;v1.1;—;—;;EinLexikonDerAromen-DuefteDerWelt/assets/img/mischungen/raeuchermischungen/kyphi-aegyptisch-rekonstruktion.png;EinLexikonDerAromen-DuefteDerWelt/assets/img/mischungen/raeuchermischungen/kyphi-aegyptisch-rekonstruktion__pontisches-thymiama-rek.png
Rezept-0033;gelbe curry paste;Var-1;Thai Gelb (paste);Koriander 18 %, Kreuzkümmel 10 %, Kurkuma frisch 12 %, Chili 18 %, Knoblauch 10 %, Schalotte 10 %, Zitronengras 12 %, Galgant 6 %, Shrimp-Paste 4 %;%;100 %;"Frische Paste; sofort verarbeiten.";S4;P2;M1;Thailand;Variants_v1;Bestätigt;—;—;v1.1;—;—;;EinLexikonDerAromen-DuefteDerWelt/assets/img/mischungen/gewuerzmischungen/gelbe-curry-paste.png;EinLexikonDerAromen-DuefteDerWelt/assets/img/mischungen/gewuerzmischungen/gelbe-curry-paste__thai-gelb-paste.png
Rezept-0034;sambhar;Var-2;Sambar Podi (Tamil);Koriander 30 %, Chili 18 %, Urad Dal 10 %, Chana Dal 10 %, Bockshornklee 5 %, Pfeffer 5 %, Kreuzkümmel 8 %, Kurkuma 6 %, Asafoetida 2 %, Curryblätter 6 %;%;100 %;Linsenanteil typisch.;S4;P1;M1;Tamil Nadu;Variants_v1;Bestätigt;—;—;v1.1;—;—;;EinLexikonDerAromen-DuefteDerWelt/assets/img/mischungen/gewuerzmischungen/sambhar.png;EinLexikonDerAromen-DuefteDerWelt/assets/img/mischungen/gewuerzmischungen/sambhar__sambar-podi-tamil.png
Rezept-0065;Piri-Piri Sauce;Var-5;Piri-Piri (Mosambik/Portugal);Bird’s Eye Chilis 40 %, Knoblauch 10 %, Zitronensaft 15 %, Weißweinessig 15 %, Olivenöl 15 %, Salz 5 %;%;100 %;Alles mixen, 24–48 h ziehen lassen. Marinade für Geflügel.;S4;P3;M7;Mosambik/Portugal;W3_HotSauces;Bestätigt;—;—;v1.1;—;—;;EinLexikonDerAromen-DuefteDerWelt/assets/img/mischungen/oelmischungen/piri-piri-sauce.png;EinLexikonDerAromen-DuefteDerWelt/assets/img/mischungen/oelmischungen/piri-piri-sauce__piri-piri-mosambik-portugal.png
Rezept-0066;Ajika;Var-6;Ajika (Georgien/Abchasien);Frische rote Chilis 50 %, Knoblauch 15 %, Koriandergrün 10 %, Dill 5 %, Salz 10 %, Walnüsse 10 %;%;100 %;Grob mörsern, frisch servieren oder leicht trocknen zur Lagerung.;S4;P2;M5;Georgien;W3_HotSauces;Bestätigt;—;—;v1.1;—;—;;EinLexikonDerAromen-DuefteDerWelt/assets/img/mischungen/gewuerzmischungen/ajika.png;EinLexikonDerAromen-DuefteDerWelt/assets/img/mischungen/gewuerzmischungen/ajika__ajika-georgien-abchasien.png
Rezept-0067;Sriracha;Var-7;Sriracha (Thailand, Basis);Frische rote Chilis 60 %, Knoblauch 10 %, Zucker 10 %, Essig 15 %, Salz 5 %;%;100 %;Fein pürieren, kurz aufkochen, heiß abfüllen. Süß-sauer-scharf.;S4;P3;M5;Thailand;W3_HotSauces;Bestätigt;—;—;v1.1;—;—;;EinLexikonDerAromen-DuefteDerWelt/assets/img/mischungen/oelmischungen/sriracha.png;EinLexikonDerAromen-DuefteDerWelt/assets/img/mischungen/oelmischungen/sriracha__sriracha-thailand-basis.png
Rezept-0068;Aji Amarillo Paste;Var-8;Aji Amarillo Paste (Peru);Aji Amarillo 80 %, Öl 10 %, Salz 5 %, Zitronensaft 5 %;%;100 %;Schoten entkernen, dämpfen, fein mixen. Basis für Huancaína & Ceviche.;S4;P2;M5;Peru;W3_HotSauces;Bestätigt;—;—;v1.1;—;—;;EinLexikonDerAromen-DuefteDerWelt/assets/img/mischungen/gewuerzmischungen/aji-amarillo.png;EinLexikonDerAromen-DuefteDerWelt/assets/img/mischungen/gewuerzmischungen/aji-amarillo__aji-amarillo-paste-peru.png
